timestamp,iso_timestamp,record_number,operation_mode,state,ax,ay,az,pitch,roll,gx,gy,gz,latitude,longitude,gps_altitude,gps_time,pressure,temperature,agl_altitude,velocity,pyro1_state,pyro2_state,battery_voltage,wifi_rssi,kalman_altitude,kalman_vertical_velocity,communication_mode,raw_data,t
2025-08-07 17:02:26.227481,2025-08-07T17:02:26.227481,15048,0,4,0.02,-0.05,0.96,1.76,-2.77,-10.37,4.09,4.18,-1.2833,36.8167,74.0,411411,101313.0,25.0,1.0,0.0,0.0,0.0,0.0,-84,1.0,-6.7,BEACON,"{""record_number"": 15048, ""operation_mode"": 0, ""state"": 4, ""battery_voltage"": 0, ""wifi_rssi"": -84, ""acc_data"": {""ax"": 0.02, ""ay"": -0.05, ""az"": 0.96, ""pitch"": 1.76, ""roll"": -2.77}, ""gyro_data"": {""gx"": -10.37, ""gy"": 4.09, ""gz"": 4.18}, ""gps_data"": {""latitude"": -1.2833, ""longitude"": 36.8167, ""gps_altitude"": 74, ""time"": 411411}, ""alt_data"": {""pressure"": 101313, ""temperature"": 25, ""AGL"": 1, ""velocity"": 0, ""kalman_altitude"": 1, ""kalman_vertical_velocity"": -6.7}, ""chute_state"": {""pyro1_state"": 0, ""pyro2_state"": 0}, ""connection_status"": {""connected"": true, ""has_ever_connected"": true, ""packet_age_ms"": 0, ""timeout_exceeded"": false, ""rssi"": -84}, ""communication_mode"": ""BEACON"", ""timestamp"": 454942, ""packets_received"": 713, ""kalman_data"": {""altitude"": 1, ""vertical_velocity"": -6.7}, ""kalman_altitude"": 1, ""kalman_vertical_velocity"": -6.7}",401.265628
2025-08-07 17:02:26.311315,2025-08-07T17:02:26.311315,15052,0,4,0.02,-0.04,0.97,1.76,-3.2,-10.21,4.18,4.51,-1.2833,36.8167,78.0,411612,101313.0,25.0,1.0,0.0,0.0,0.0,0.0,-87,1.0,-6.7,BEACON,"{""record_number"": 15052, ""operation_mode"": 0, ""state"": 4, ""battery_voltage"": 0, ""wifi_rssi"": -87, ""acc_data"": {""ax"": 0.02, ""ay"": -0.04, ""az"": 0.97, ""pitch"": 1.76, ""roll"": -3.2}, ""gyro_data"": {""gx"": -10.21, ""gy"": 4.18, ""gz"": 4.51}, ""gps_data"": {""latitude"": -1.2833, ""longitude"": 36.8167, ""gps_altitude"": 78, ""time"": 411612}, ""alt_data"": {""pressure"": 101313, ""temperature"": 25, ""AGL"": 1, ""velocity"": 0, ""kalman_altitude"": 1, ""kalman_vertical_velocity"": -6.7}, ""chute_state"": {""pyro1_state"": 0, ""pyro2_state"": 0}, ""connection_status"": {""connected"": true, ""has_ever_connected"": true, ""packet_age_ms"": 0, ""timeout_exceeded"": false, ""rssi"": -87}, ""communication_mode"": ""BEACON"", ""timestamp"": 455056, ""packets_received"": 714, ""kalman_data"": {""altitude"": 1, ""vertical_velocity"": -6.7}, ""kalman_altitude"": 1, ""kalman_vertical_velocity"": -6.7}",401.349462
2025-08-07 17:02:26.401579,2025-08-07T17:02:26.401579,15056,0,4,0.03,-0.04,0.96,2.04,-3.01,-10.27,4.33,4.02,-1.2833,36.8167,80.0,411712,101313.0,25.0,1.0,0.0,0.0,0.0,0.0,-84,1.0,-6.7,BEACON,"{""record_number"": 15056, ""operation_mode"": 0, ""state"": 4, ""battery_voltage"": 0, ""wifi_rssi"": -84, ""acc_data"": {""ax"": 0.03, ""ay"": -0.04, ""az"": 0.96, ""pitch"": 2.04, ""roll"": -3.01}, ""gyro_data"": {""gx"": -10.27, ""gy"": 4.33, ""gz"": 4.02}, ""gps_data"": {""latitude"": -1.2833, ""longitude"": 36.8167, ""gps_altitude"": 80, ""time"": 411712}, ""alt_data"": {""pressure"": 101313, ""temperature"": 25, ""AGL"": 1, ""velocity"": 0, ""kalman_altitude"": 1, ""kalman_vertical_velocity"": -6.7}, ""chute_state"": {""pyro1_state"": 0, ""pyro2_state"": 0}, ""connection_status"": {""connected"": true, ""has_ever_connected"": true, ""packet_age_ms"": 1, ""timeout_exceeded"": false, ""rssi"": -84}, ""communication_mode"": ""BEACON"", ""timestamp"": 455167, ""packets_received"": 715, ""kalman_data"": {""altitude"": 1, ""vertical_velocity"": -6.7}, ""kalman_altitude"": 1, ""kalman_vertical_velocity"": -6.7}",401.439726
2025-08-07 17:02:26.751183,2025-08-07T17:02:26.751183,15070,0,4,0.03,-0.04,0.96,1.57,-2.75,-10.58,5.24,3.57,-1.2833,36.8167,86.0,412011,101313.0,25.0,1.0,0.0,0.0,0.0,0.0,-90,1.0,-6.7,BEACON,"{""record_number"": 15070, ""operation_mode"": 0, ""state"": 4, ""battery_voltage"": 0, ""wifi_rssi"": -90, ""acc_data"": {""ax"": 0.03, ""ay"": -0.04, ""az"": 0.96, ""pitch"": 1.57, ""roll"": -2.75}, ""gyro_data"": {""gx"": -10.58, ""gy"": 5.24, ""gz"": 3.57}, ""gps_data"": {""latitude"": -1.2833, ""longitude"": 36.8167, ""gps_altitude"": 86, ""time"": 412011}, ""alt_data"": {""pressure"": 101313, ""temperature"": 25, ""AGL"": 1, ""velocity"": 0, ""kalman_altitude"": 1, ""kalman_vertical_velocity"": -6.7}, ""chute_state"": {""pyro1_state"": 0, ""pyro2_state"": 0}, ""connection_status"": {""connected"": true, ""has_ever_connected"": true, ""packet_age_ms"": 1, ""timeout_exceeded"": false, ""rssi"": -90}, ""communication_mode"": ""BEACON"", ""timestamp"": 455516, ""packets_received"": 716, ""kalman_data"": {""altitude"": 1, ""vertical_velocity"": -6.7}, ""kalman_altitude"": 1, ""kalman_vertical_velocity"": -6.7}",401.78933
2025-08-07 17:02:30.942437,2025-08-07T17:02:30.942437,15226,0,1,0.03,-0.06,0.97,1.74,-2.92,-11.07,4.63,4.24,-1.2833,36.8167,105.0,416213,100893.5,25.0,36.0,0.0,0.0,0.0,0.0,-83,35.99,-1.89,BEACON,"{""record_number"": 15226, ""operation_mode"": 0, ""state"": 1, ""battery_voltage"": 0, ""wifi_rssi"": -83, ""acc_data"": {""ax"": 0.03, ""ay"": -0.06, ""az"": 0.97, ""pitch"": 1.74, ""roll"": -2.92}, ""gyro_data"": {""gx"": -11.07, ""gy"": 4.63, ""gz"": 4.24}, ""gps_data"": {""latitude"": -1.2833, ""longitude"": 36.8167, ""gps_altitude"": 105, ""time"": 416213}, ""alt_data"": {""pressure"": 100893.5, ""temperature"": 25, ""AGL"": 36, ""velocity"": 0, ""kalman_altitude"": 35.99, ""kalman_vertical_velocity"": -1.89}, ""chute_state"": {""pyro1_state"": 0, ""pyro2_state"": 0}, ""connection_status"": {""connected"": true, ""has_ever_connected"": true, ""packet_age_ms"": 0, ""timeout_exceeded"": false, ""rssi"": -83}, ""communication_mode"": ""BEACON"", ""timestamp"": 459681, ""packets_received"": 717, ""kalman_data"": {""altitude"": 35.99, ""vertical_velocity"": -1.89}, ""kalman_altitude"": 35.99, ""kalman_vertical_velocity"": -1.89}",405.980584
2025-08-07 17:02:31.031413,2025-08-07T17:02:31.031413,15230,0,1,0.03,-0.05,0.97,1.74,-3.19,-11.16,5.03,4.02,-1.2833,36.8167,104.0,416314,100869.5,25.0,38.0,0.0,0.0,0.0,0.0,-84,37.99,-1.62,BEACON,"{""record_number"": 15230, ""operation_mode"": 0, ""state"": 1, ""battery_voltage"": 0, ""wifi_rssi"": -84, ""acc_data"": {""ax"": 0.03, ""ay"": -0.05, ""az"": 0.97, ""pitch"": 1.74, ""roll"": -3.19}, ""gyro_data"": {""gx"": -11.16, ""gy"": 5.03, ""gz"": 4.02}, ""gps_data"": {""latitude"": -1.2833, ""longitude"": 36.8167, ""gps_altitude"": 104, ""time"": 416314}, ""alt_data"": {""pressure"": 100869.5, ""temperature"": 25, ""AGL"": 38, ""velocity"": 0, ""kalman_altitude"": 37.99, ""kalman_vertical_velocity"": -1.62}, ""chute_state"": {""pyro1_state"": 0, ""pyro2_state"": 0}, ""connection_status"": {""connected"": true, ""has_ever_connected"": true, ""packet_age_ms"": 0, ""timeout_exceeded"": false, ""rssi"": -84}, ""communication_mode"": ""BEACON"", ""timestamp"": 459795, ""packets_received"": 718, ""kalman_data"": {""altitude"": 37.99, ""vertical_velocity"": -1.62}, ""kalman_altitude"": 37.99, ""kalman_vertical_velocity"": -1.62}",406.06956
2025-08-07 17:02:31.265696,2025-08-07T17:02:31.265696,15239,0,1,0.03,-0.05,0.97,1.57,-2.62,-10.88,4.15,4.36,-1.2833,36.8167,102.0,416514,100821.7,25.0,42.0,0.0,0.0,0.0,0.0,-84,41.99,-1.08,BEACON,"{""record_number"": 15239, ""operation_mode"": 0, ""state"": 1, ""battery_voltage"": 0, ""wifi_rssi"": -84, ""acc_data"": {""ax"": 0.03, ""ay"": -0.05, ""az"": 0.97, ""pitch"": 1.57, ""roll"": -2.62}, ""gyro_data"": {""gx"": -10.88, ""gy"": 4.15, ""gz"": 4.36}, ""gps_data"": {""latitude"": -1.2833, ""longitude"": 36.8167, ""gps_altitude"": 102, ""time"": 416514}, ""alt_data"": {""pressure"": 100821.7, ""temperature"": 25, ""AGL"": 42, ""velocity"": 0, ""kalman_altitude"": 41.99, ""kalman_vertical_velocity"": -1.08}, ""chute_state"": {""pyro1_state"": 0, ""pyro2_state"": 0}, ""connection_status"": {""connected"": true, ""has_ever_connected"": true, ""packet_age_ms"": 1, ""timeout_exceeded"": false, ""rssi"": -84}, ""communication_mode"": ""BEACON"", ""timestamp"": 460030, ""packets_received"": 719, ""kalman_data"": {""altitude"": 41.99, ""vertical_velocity"": -1.08}, ""kalman_altitude"": 41.99, ""kalman_vertical_velocity"": -1.08}",406.303843
2025-08-07 17:02:31.398698,2025-08-07T17:02:31.398698,15243,0,1,0.02,-0.04,0.96,1.43,-2.95,-10.76,4.45,4.73,-1.2833,36.8167,101.0,416614,100797.8,25.0,44.0,0.0,0.0,0.0,0.0,-87,43.99,-0.8,BEACON,"{""record_number"": 15243, ""operation_mode"": 0, ""state"": 1, ""battery_voltage"": 0, ""wifi_rssi"": -87, ""acc_data"": {""ax"": 0.02, ""ay"": -0.04, ""az"": 0.96, ""pitch"": 1.43, ""roll"": -2.95}, ""gyro_data"": {""gx"": -10.76, ""gy"": 4.45, ""gz"": 4.73}, ""gps_data"": {""latitude"": -1.2833, ""longitude"": 36.8167, ""gps_altitude"": 101, ""time"": 416614}, ""alt_data"": {""pressure"": 100797.8, ""temperature"": 25, ""AGL"": 44, ""velocity"": 0, ""kalman_altitude"": 43.99, ""kalman_vertical_velocity"": -0.8}, ""chute_state"": {""pyro1_state"": 0, ""pyro2_state"": 0}, ""connection_status"": {""connected"": true, ""has_ever_connected"": true, ""packet_age_ms"": 0, ""timeout_exceeded"": false, ""rssi"": -87}, ""communication_mode"": ""BEACON"", ""timestamp"": 460142, ""packets_received"": 720, ""kalman_data"": {""altitude"": 43.99, ""vertical_velocity"": -0.8}, ""kalman_altitude"": 43.99, ""kalman_vertical_velocity"": -0.8}",406.436845
2025-08-07 17:02:31.632220,2025-08-07T17:02:31.632220,15252,0,1,0.03,-0.05,0.96,1.68,-2.78,-11.01,5.21,3.99,-1.2833,36.8167,98.0,416914,100750.0,25.0,48.0,0.0,0.0,0.0,0.0,-87,47.99,-0.26,BEACON,"{""record_number"": 15252, ""operation_mode"": 0, ""state"": 1, ""battery_voltage"": 0, ""wifi_rssi"": -87, ""acc_data"": {""ax"": 0.03, ""ay"": -0.05, ""az"": 0.96, ""pitch"": 1.68, ""roll"": -2.78}, ""gyro_data"": {""gx"": -11.01, ""gy"": 5.21, ""gz"": 3.99}, ""gps_data"": {""latitude"": -1.2833, ""longitude"": 36.8167, ""gps_altitude"": 98, ""time"": 416914}, ""alt_data"": {""pressure"": 100750, ""temperature"": 25, ""AGL"": 48, ""velocity"": 0, ""kalman_altitude"": 47.99, ""kalman_vertical_velocity"": -0.26}, ""chute_state"": {""pyro1_state"": 0, ""pyro2_state"": 0}, ""connection_status"": {""connected"": true, ""has_ever_connected"": true, ""packet_age_ms"": 0, ""timeout_exceeded"": false, ""rssi"": -87}, ""communication_mode"": ""BEACON"", ""timestamp"": 460381, ""packets_received"": 721, ""kalman_data"": {""altitude"": 47.99, ""vertical_velocity"": -0.26}, ""kalman_altitude"": 47.99, ""kalman_vertical_velocity"": -0.26}",406.670367
2025-08-07 17:02:32.766138,2025-08-07T17:02:32.766138,15287,0,2,0.03,-0.04,0.96,1.68,-2.74,-10.82,5.4,3.75,-1.2833,36.8167,89.0,417814,100559.1,25.0,64.0,0.0,0.0,0.0,0.0,-88,63.99,1.9,BEACON,"{""record_number"": 15287, ""operation_mode"": 0, ""state"": 2, ""battery_voltage"": 0, ""wifi_rssi"": -88, ""acc_data"": {""ax"": 0.03, ""ay"": -0.04, ""az"": 0.96, ""pitch"": 1.68, ""roll"": -2.74}, ""gyro_data"": {""gx"": -10.82, ""gy"": 5.4, ""gz"": 3.75}, ""gps_data"": {""latitude"": -1.2833, ""longitude"": 36.8167, ""gps_altitude"": 89, ""time"": 417814}, ""alt_data"": {""pressure"": 100559.1, ""temperature"": 25, ""AGL"": 64, ""velocity"": 0, ""kalman_altitude"": 63.99, ""kalman_vertical_velocity"": 1.9}, ""chute_state"": {""pyro1_state"": 0, ""pyro2_state"": 0}, ""connection_status"": {""connected"": true, ""has_ever_connected"": true, ""packet_age_ms"": 1, ""timeout_exceeded"": false, ""rssi"": -88}, ""communication_mode"": ""BEACON"", ""timestamp"": 461340, ""packets_received"": 722, ""kalman_data"": {""altitude"": 63.99, ""vertical_velocity"": 1.9}, ""kalman_altitude"": 63.99, ""kalman_vertical_velocity"": 1.9}",407.804285
2025-08-07 17:02:32.880138,2025-08-07T17:02:32.880138,15296,0,2,0.03,-0.05,0.97,1.54,-3.06,-11.43,5.79,4.12,-1.2833,36.8167,86.0,418114,100511.4,25.0,68.0,0.0,0.0,0.0,0.0,-87,67.99,2.44,BEACON,"{""record_number"": 15296, ""operation_mode"": 0, ""state"": 2, ""battery_voltage"": 0, ""wifi_rssi"": -87, ""acc_data"": {""ax"": 0.03, ""ay"": -0.05, ""az"": 0.97, ""pitch"": 1.54, ""roll"": -3.06}, ""gyro_data"": {""gx"": -11.43, ""gy"": 5.79, ""gz"": 4.12}, ""gps_data"": {""latitude"": -1.2833, ""longitude"": 36.8167, ""gps_altitude"": 86, ""time"": 418114}, ""alt_data"": {""pressure"": 100511.4, ""temperature"": 25, ""AGL"": 68, ""velocity"": 0, ""kalman_altitude"": 67.99, ""kalman_vertical_velocity"": 2.44}, ""chute_state"": {""pyro1_state"": 0, ""pyro2_state"": 0}, ""connection_status"": {""connected"": true, ""has_ever_connected"": true, ""packet_age_ms"": 0, ""timeout_exceeded"": false, ""rssi"": -87}, ""communication_mode"": ""BEACON"", ""timestamp"": 461560, ""packets_received"": 723, ""kalman_data"": {""altitude"": 67.99, ""vertical_velocity"": 2.44}, ""kalman_altitude"": 67.99, ""kalman_vertical_velocity"": 2.44}",407.918285
2025-08-07 17:02:33.190788,2025-08-07T17:02:33.190788,15309,0,2,0.03,-0.05,0.97,1.46,-2.51,-11.37,5.52,3.93,-1.2833,36.8167,83.0,418414,100416.1,25.0,76.0,0.0,0.0,0.0,0.0,-86,75.99,3.52,BEACON,"{""record_number"": 15309, ""operation_mode"": 0, ""state"": 2, ""battery_voltage"": 0, ""wifi_rssi"": -86, ""acc_data"": {""ax"": 0.03, ""ay"": -0.05, ""az"": 0.97, ""pitch"": 1.46, ""roll"": -2.51}, ""gyro_data"": {""gx"": -11.37, ""gy"": 5.52, ""gz"": 3.93}, ""gps_data"": {""latitude"": -1.2833, ""longitude"": 36.8167, ""gps_altitude"": 83, ""time"": 418414}, ""alt_data"": {""pressure"": 100416.1, ""temperature"": 25, ""AGL"": 76, ""velocity"": 0, ""kalman_altitude"": 75.99, ""kalman_vertical_velocity"": 3.52}, ""chute_state"": {""pyro1_state"": 0, ""pyro2_state"": 0}, ""connection_status"": {""connected"": true, ""has_ever_connected"": true, ""packet_age_ms"": 0, ""timeout_exceeded"": false, ""rssi"": -86}, ""communication_mode"": ""BEACON"", ""timestamp"": 461930, ""packets_received"": 724, ""kalman_data"": {""altitude"": 75.99, ""vertical_velocity"": 3.52}, ""kalman_altitude"": 75.99, ""kalman_vertical_velocity"": 3.52}",408.228935
2025-08-07 17:02:33.313368,2025-08-07T17:02:33.313368,15314,0,2,0.02,-0.05,0.96,1.43,-2.96,-11.04,4.18,4.15,-1.2833,36.8167,82.0,418513,100392.3,25.0,78.0,0.0,0.0,0.0,0.0,-87,77.99,3.79,BEACON,"{""record_number"": 15314, ""operation_mode"": 0, ""state"": 2, ""battery_voltage"": 0, ""wifi_rssi"": -87, ""acc_data"": {""ax"": 0.02, ""ay"": -0.05, ""az"": 0.96, ""pitch"": 1.43, ""roll"": -2.96}, ""gyro_data"": {""gx"": -11.04, ""gy"": 4.18, ""gz"": 4.15}, ""gps_data"": {""latitude"": -1.2833, ""longitude"": 36.8167, ""gps_altitude"": 82, ""time"": 418513}, ""alt_data"": {""pressure"": 100392.3, ""temperature"": 25, ""AGL"": 78, ""velocity"": 0, ""kalman_altitude"": 77.99, ""kalman_vertical_velocity"": 3.79}, ""chute_state"": {""pyro1_state"": 0, ""pyro2_state"": 0}, ""connection_status"": {""connected"": true, ""has_ever_connected"": true, ""packet_age_ms"": 0, ""timeout_exceeded"": false, ""rssi"": -87}, ""communication_mode"": ""BEACON"", ""timestamp"": 462042, ""packets_received"": 725, ""kalman_data"": {""altitude"": 77.99, ""vertical_velocity"": 3.79}, ""kalman_altitude"": 77.99, ""kalman_vertical_velocity"": 3.79}",408.351515
2025-08-07 17:02:33.419239,2025-08-07T17:02:33.419239,15318,0,2,0.02,-0.05,0.97,1.01,-2.74,-11.1,5.43,3.66,-1.2833,36.8167,80.0,418714,100368.5,25.0,80.0,0.0,0.0,0.0,0.0,-84,79.99,4.05,BEACON,"{""record_number"": 15318, ""operation_mode"": 0, ""state"": 2, ""battery_voltage"": 0, ""wifi_rssi"": -84, ""acc_data"": {""ax"": 0.02, ""ay"": -0.05, ""az"": 0.97, ""pitch"": 1.01, ""roll"": -2.74}, ""gyro_data"": {""gx"": -11.1, ""gy"": 5.43, ""gz"": 3.66}, ""gps_data"": {""latitude"": -1.2833, ""longitude"": 36.8167, ""gps_altitude"": 80, ""time"": 418714}, ""alt_data"": {""pressure"": 100368.5, ""temperature"": 25, ""AGL"": 80, ""velocity"": 0, ""kalman_altitude"": 79.99, ""kalman_vertical_velocity"": 4.05}, ""chute_state"": {""pyro1_state"": 0, ""pyro2_state"": 0}, ""connection_status"": {""connected"": true, ""has_ever_connected"": true, ""packet_age_ms"": 0, ""timeout_exceeded"": false, ""rssi"": -84}, ""communication_mode"": ""BEACON"", ""timestamp"": 462156, ""packets_received"": 726, ""kalman_data"": {""altitude"": 79.99, ""vertical_velocity"": 4.05}, ""kalman_altitude"": 79.99, ""kalman_vertical_velocity"": 4.05}",408.457386
2025-08-07 17:02:33.912603,2025-08-07T17:02:33.912603,15323,0,2,0.03,-0.05,0.97,1.34,-2.68,-11.43,5.27,4.48,-1.2833,36.8167,79.0,418814,100344.7,25.0,82.0,0.0,0.0,0.0,0.0,-88,81.99,4.32,BEACON,"{""record_number"": 15323, ""operation_mode"": 0, ""state"": 2, ""battery_voltage"": 0, ""wifi_rssi"": -88, ""acc_data"": {""ax"": 0.03, ""ay"": -0.05, ""az"": 0.97, ""pitch"": 1.34, ""roll"": -2.68}, ""gyro_data"": {""gx"": -11.43, ""gy"": 5.27, ""gz"": 4.48}, ""gps_data"": {""latitude"": -1.2833, ""longitude"": 36.8167, ""gps_altitude"": 79, ""time"": 418814}, ""alt_data"": {""pressure"": 100344.7, ""temperature"": 25, ""AGL"": 82, ""velocity"": 0, ""kalman_altitude"": 81.99, ""kalman_vertical_velocity"": 4.32}, ""chute_state"": {""pyro1_state"": 0, ""pyro2_state"": 0}, ""connection_status"": {""connected"": true, ""has_ever_connected"": true, ""packet_age_ms"": 0, ""timeout_exceeded"": false, ""rssi"": -88}, ""communication_mode"": ""BEACON"", ""timestamp"": 462282, ""packets_received"": 727, ""kalman_data"": {""altitude"": 81.99, ""vertical_velocity"": 4.32}, ""kalman_altitude"": 81.99, ""kalman_vertical_velocity"": 4.32}",408.95075
2025-08-07 17:02:34.148715,2025-08-07T17:02:34.148715,15346,0,3,0.03,-0.05,0.97,1.48,-2.71,-10.52,5.3,4.09,-1.2833,36.8167,73.0,419413,100225.8,25.0,92.0,0.0,0.0,0.0,0.0,-85,91.99,5.66,BEACON,"{""record_number"": 15346, ""operation_mode"": 0, ""state"": 3, ""battery_voltage"": 0, ""wifi_rssi"": -85, ""acc_data"": {""ax"": 0.03, ""ay"": -0.05, ""az"": 0.97, ""pitch"": 1.48, ""roll"": -2.71}, ""gyro_data"": {""gx"": -10.52, ""gy"": 5.3, ""gz"": 4.09}, ""gps_data"": {""latitude"": -1.2833, ""longitude"": 36.8167, ""gps_altitude"": 73, ""time"": 419413}, ""alt_data"": {""pressure"": 100225.8, ""temperature"": 25, ""AGL"": 92, ""velocity"": 0, ""kalman_altitude"": 91.99, ""kalman_vertical_velocity"": 5.66}, ""chute_state"": {""pyro1_state"": 0, ""pyro2_state"": 0}, ""connection_status"": {""connected"": true, ""has_ever_connected"": true, ""packet_age_ms"": 1, ""timeout_exceeded"": false, ""rssi"": -85}, ""communication_mode"": ""BEACON"", ""timestamp"": 462882, ""packets_received"": 728, ""kalman_data"": {""altitude"": 91.99, ""vertical_velocity"": 5.66}, ""kalman_altitude"": 91.99, ""kalman_vertical_velocity"": 5.66}",409.186862
2025-08-07 17:02:34.486201,2025-08-07T17:02:34.486201,15359,0,3,0.02,-0.06,0.97,1.51,-2.74,-11.37,4.85,4.6,-1.2833,36.8167,70.0,419714,100154.5,25.0,98.0,0.0,0.0,0.0,0.0,-85,97.99,6.46,BEACON,"{""record_number"": 15359, ""operation_mode"": 0, ""state"": 3, ""battery_voltage"": 0, ""wifi_rssi"": -85, ""acc_data"": {""ax"": 0.02, ""ay"": -0.06, ""az"": 0.97, ""pitch"": 1.51, ""roll"": -2.74}, ""gyro_data"": {""gx"": -11.37, ""gy"": 4.85, ""gz"": 4.6}, ""gps_data"": {""latitude"": -1.2833, ""longitude"": 36.8167, ""gps_altitude"": 70, ""time"": 419714}, ""alt_data"": {""pressure"": 100154.5, ""temperature"": 25, ""AGL"": 98, ""velocity"": 0, ""kalman_altitude"": 97.99, ""kalman_vertical_velocity"": 6.46}, ""chute_state"": {""pyro1_state"": 0, ""pyro2_state"": 0}, ""connection_status"": {""connected"": true, ""has_ever_connected"": true, ""packet_age_ms"": 0, ""timeout_exceeded"": false, ""rssi"": -85}, ""communication_mode"": ""BEACON"", ""timestamp"": 463230, ""packets_received"": 729, ""kalman_data"": {""altitude"": 97.99, ""vertical_velocity"": 6.46}, ""kalman_altitude"": 97.99, ""kalman_vertical_velocity"": 6.46}",409.524348
2025-08-07 17:02:34.877062,2025-08-07T17:02:34.877062,15373,0,4,0.03,-0.04,0.97,1.51,-2.68,-11.07,4.97,4.45,-1.2833,36.8167,66.0,420113,100059.6,25.0,106.0,0.0,0.0,0.0,0.0,-88,105.99,7.52,BEACON,"{""record_number"": 15373, ""operation_mode"": 0, ""state"": 4, ""battery_voltage"": 0, ""wifi_rssi"": -88, ""acc_data"": {""ax"": 0.03, ""ay"": -0.04, ""az"": 0.97, ""pitch"": 1.51, ""roll"": -2.68}, ""gyro_data"": {""gx"": -11.07, ""gy"": 4.97, ""gz"": 4.45}, ""gps_data"": {""latitude"": -1.2833, ""longitude"": 36.8167, ""gps_altitude"": 66, ""time"": 420113}, ""alt_data"": {""pressure"": 100059.6, ""temperature"": 25, ""AGL"": 106, ""velocity"": 0, ""kalman_altitude"": 105.99, ""kalman_vertical_velocity"": 7.52}, ""chute_state"": {""pyro1_state"": 0, ""pyro2_state"": 0}, ""connection_status"": {""connected"": true, ""has_ever_connected"": true, ""packet_age_ms"": 0, ""timeout_exceeded"": false, ""rssi"": -88}, ""communication_mode"": ""BEACON"", ""timestamp"": 463639, ""packets_received"": 730, ""kalman_data"": {""altitude"": 105.99, ""vertical_velocity"": 7.52}, ""kalman_altitude"": 105.99, ""kalman_vertical_velocity"": 7.52}",409.915209
2025-08-07 17:02:36.725602,2025-08-07T17:02:36.725602,15442,0,4,0.04,-0.04,0.97,1.96,-2.27,-10.88,5.55,3.35,-1.2833,36.8167,47.0,422014,99893.63,25.0,120.0,0.0,0.0,0.0,0.0,-88,120.0,9.34,BEACON,"{""record_number"": 15442, ""operation_mode"": 0, ""state"": 4, ""battery_voltage"": 0, ""wifi_rssi"": -88, ""acc_data"": {""ax"": 0.04, ""ay"": -0.04, ""az"": 0.97, ""pitch"": 1.96, ""roll"": -2.27}, ""gyro_data"": {""gx"": -10.88, ""gy"": 5.55, ""gz"": 3.35}, ""gps_data"": {""latitude"": -1.2833, ""longitude"": 36.8167, ""gps_altitude"": 47, ""time"": 422014}, ""alt_data"": {""pressure"": 99893.63, ""temperature"": 25, ""AGL"": 120, ""velocity"": 0, ""kalman_altitude"": 120, ""kalman_vertical_velocity"": 9.34}, ""chute_state"": {""pyro1_state"": 0, ""pyro2_state"": 0}, ""connection_status"": {""connected"": true, ""has_ever_connected"": true, ""packet_age_ms"": 0, ""timeout_exceeded"": false, ""rssi"": -88}, ""communication_mode"": ""BEACON"", ""timestamp"": 465476, ""packets_received"": 731, ""kalman_data"": {""altitude"": 120, ""vertical_velocity"": 9.34}, ""kalman_altitude"": 120, ""kalman_vertical_velocity"": 9.34}",411.763749
2025-08-07 17:02:37.060286,2025-08-07T17:02:37.060286,15457,0,4,0.03,-0.04,0.96,1.65,-2.56,-11.25,4.85,3.96,-1.2833,36.8167,44.0,422314,99917.32,25.0,118.0,0.0,0.0,0.0,0.0,-87,118.0,9.06,BEACON,"{""record_number"": 15457, ""operation_mode"": 0, ""state"": 4, ""battery_voltage"": 0, ""wifi_rssi"": -87, ""acc_data"": {""ax"": 0.03, ""ay"": -0.04, ""az"": 0.96, ""pitch"": 1.65, ""roll"": -2.56}, ""gyro_data"": {""gx"": -11.25, ""gy"": 4.85, ""gz"": 3.96}, ""gps_data"": {""latitude"": -1.2833, ""longitude"": 36.8167, ""gps_altitude"": 44, ""time"": 422314}, ""alt_data"": {""pressure"": 99917.32, ""temperature"": 25, ""AGL"": 118, ""velocity"": 0, ""kalman_altitude"": 118, ""kalman_vertical_velocity"": 9.06}, ""chute_state"": {""pyro1_state"": 0, ""pyro2_state"": 0}, ""connection_status"": {""connected"": true, ""has_ever_connected"": true, ""packet_age_ms"": 0, ""timeout_exceeded"": false, ""rssi"": -87}, ""communication_mode"": ""BEACON"", ""timestamp"": 465825, ""packets_received"": 732, ""kalman_data"": {""altitude"": 118, ""vertical_velocity"": 9.06}, ""kalman_altitude"": 118, ""kalman_vertical_velocity"": 9.06}",412.098433
2025-08-07 17:02:37.183489,2025-08-07T17:02:37.183489,15462,0,4,0.03,-0.05,0.96,1.48,-2.78,-11.16,3.96,4.3,-1.2833,36.8167,43.0,422414,99929.16,25.0,117.0,0.0,0.0,0.0,0.0,-85,117.0,8.92,BEACON,"{""record_number"": 15462, ""operation_mode"": 0, ""state"": 4, ""battery_voltage"": 0, ""wifi_rssi"": -85, ""acc_data"": {""ax"": 0.03, ""ay"": -0.05, ""az"": 0.96, ""pitch"": 1.48, ""roll"": -2.78}, ""gyro_data"": {""gx"": -11.16, ""gy"": 3.96, ""gz"": 4.3}, ""gps_data"": {""latitude"": -1.2833, ""longitude"": 36.8167, ""gps_altitude"": 43, ""time"": 422414}, ""alt_data"": {""pressure"": 99929.16, ""temperature"": 25, ""AGL"": 117, ""velocity"": 0, ""kalman_altitude"": 117, ""kalman_vertical_velocity"": 8.92}, ""chute_state"": {""pyro1_state"": 0, ""pyro2_state"": 0}, ""connection_status"": {""connected"": true, ""has_ever_connected"": true, ""packet_age_ms"": 0, ""timeout_exceeded"": false, ""rssi"": -85}, ""communication_mode"": ""BEACON"", ""timestamp"": 465940, ""packets_received"": 733, ""kalman_data"": {""altitude"": 117, ""vertical_velocity"": 8.92}, ""kalman_altitude"": 117, ""kalman_vertical_velocity"": 8.92}",412.221636
2025-08-07 17:02:38.141365,2025-08-07T17:02:38.141365,15498,0,4,0.02,-0.05,0.97,1.57,-2.59,-11.34,5.06,4.39,-1.2833,36.8167,33.0,423414,100035.9,25.0,108.0,0.0,0.0,0.0,0.0,-89,108.0,7.69,BEACON,"{""record_number"": 15498, ""operation_mode"": 0, ""state"": 4, ""battery_voltage"": 0, ""wifi_rssi"": -89, ""acc_data"": {""ax"": 0.02, ""ay"": -0.05, ""az"": 0.97, ""pitch"": 1.57, ""roll"": -2.59}, ""gyro_data"": {""gx"": -11.34, ""gy"": 5.06, ""gz"": 4.39}, ""gps_data"": {""latitude"": -1.2833, ""longitude"": 36.8167, ""gps_altitude"": 33, ""time"": 423414}, ""alt_data"": {""pressure"": 100035.9, ""temperature"": 25, ""AGL"": 108, ""velocity"": 0, ""kalman_altitude"": 108, ""kalman_vertical_velocity"": 7.69}, ""chute_state"": {""pyro1_state"": 0, ""pyro2_state"": 0}, ""connection_status"": {""connected"": true, ""has_ever_connected"": true, ""packet_age_ms"": 1, ""timeout_exceeded"": false, ""rssi"": -89}, ""communication_mode"": ""BEACON"", ""timestamp"": 466906, ""packets_received"": 734, ""kalman_data"": {""altitude"": 108, ""vertical_velocity"": 7.69}, ""kalman_altitude"": 108, ""kalman_vertical_velocity"": 7.69}",413.179512
2025-08-07 17:02:46.171922,2025-08-07T17:02:46.171922,15799,0,4,0.03,-0.06,0.96,2.24,-2.26,-11.59,5.55,3.81,-1.2833,36.8167,32.0,431414,100917.4,25.0,34.0,0.0,0.0,0.0,0.0,-89,34.0,-2.14,BEACON,"{""record_number"": 15799, ""operation_mode"": 0, ""state"": 4, ""battery_voltage"": 0, ""wifi_rssi"": -89, ""acc_data"": {""ax"": 0.03, ""ay"": -0.06, ""az"": 0.96, ""pitch"": 2.24, ""roll"": -2.26}, ""gyro_data"": {""gx"": -11.59, ""gy"": 5.55, ""gz"": 3.81}, ""gps_data"": {""latitude"": -1.2833, ""longitude"": 36.8167, ""gps_altitude"": 32, ""time"": 431414}, ""alt_data"": {""pressure"": 100917.4, ""temperature"": 25, ""AGL"": 34, ""velocity"": 0, ""kalman_altitude"": 34, ""kalman_vertical_velocity"": -2.14}, ""chute_state"": {""pyro1_state"": 0, ""pyro2_state"": 0}, ""connection_status"": {""connected"": true, ""has_ever_connected"": true, ""packet_age_ms"": 0, ""timeout_exceeded"": false, ""rssi"": -89}, ""communication_mode"": ""BEACON"", ""timestamp"": 474886, ""packets_received"": 735, ""kalman_data"": {""altitude"": 34, ""vertical_velocity"": -2.14}, ""kalman_altitude"": 34, ""kalman_vertical_velocity"": -2.14}",421.210069
2025-08-07 17:02:46.301241,2025-08-07T17:02:46.301241,15804,0,4,0.03,-0.04,0.97,1.34,-2.54,-11.22,5.09,3.87,-1.2833,36.8167,34.0,431515,100929.3,25.0,33.0,0.0,0.0,0.0,0.0,-84,33.0,-2.27,BEACON,"{""record_number"": 15804, ""operation_mode"": 0, ""state"": 4, ""battery_voltage"": 0, ""wifi_rssi"": -84, ""acc_data"": {""ax"": 0.03, ""ay"": -0.04, ""az"": 0.97, ""pitch"": 1.34, ""roll"": -2.54}, ""gyro_data"": {""gx"": -11.22, ""gy"": 5.09, ""gz"": 3.87}, ""gps_data"": {""latitude"": -1.2833, ""longitude"": 36.8167, ""gps_altitude"": 34, ""time"": 431515}, ""alt_data"": {""pressure"": 100929.3, ""temperature"": 25, ""AGL"": 33, ""velocity"": 0, ""kalman_altitude"": 33, ""kalman_vertical_velocity"": -2.27}, ""chute_state"": {""pyro1_state"": 0, ""pyro2_state"": 0}, ""connection_status"": {""connected"": true, ""has_ever_connected"": true, ""packet_age_ms"": 0, ""timeout_exceeded"": false, ""rssi"": -84}, ""communication_mode"": ""BEACON"", ""timestamp"": 475021, ""packets_received"": 736, ""kalman_data"": {""altitude"": 33, ""vertical_velocity"": -2.27}, ""kalman_altitude"": 33, ""kalman_vertical_velocity"": -2.27}",421.339388
2025-08-07 17:02:48.090150,2025-08-07T17:02:48.090150,15874,0,4,0.03,-0.05,0.96,1.99,-2.52,-11.16,4.85,3.72,-1.2833,36.8167,70.0,433315,101133.0,25.0,16.0,0.0,0.0,0.0,0.0,-88,16.0,-4.45,BEACON,"{""record_number"": 15874, ""operation_mode"": 0, ""state"": 4, ""battery_voltage"": 0, ""wifi_rssi"": -88, ""acc_data"": {""ax"": 0.03, ""ay"": -0.05, ""az"": 0.96, ""pitch"": 1.99, ""roll"": -2.52}, ""gyro_data"": {""gx"": -11.16, ""gy"": 4.85, ""gz"": 3.72}, ""gps_data"": {""latitude"": -1.2833, ""longitude"": 36.8167, ""gps_altitude"": 70, ""time"": 433315}, ""alt_data"": {""pressure"": 101133, ""temperature"": 25, ""AGL"": 16, ""velocity"": 0, ""kalman_altitude"": 16, ""kalman_vertical_velocity"": -4.45}, ""chute_state"": {""pyro1_state"": 0, ""pyro2_state"": 0}, ""connection_status"": {""connected"": true, ""has_ever_connected"": true, ""packet_age_ms"": 0, ""timeout_exceeded"": false, ""rssi"": -88}, ""communication_mode"": ""BEACON"", ""timestamp"": 476820, ""packets_received"": 737, ""kalman_data"": {""altitude"": 16, ""vertical_velocity"": -4.45}, ""kalman_altitude"": 16, ""kalman_vertical_velocity"": -4.45}",423.128297
2025-08-07 17:02:50.341691,2025-08-07T17:02:50.341691,15951,0,4,0.03,-0.04,0.97,1.48,-2.7,-11.22,5.18,3.93,-1.2833,36.8167,112.0,435415,101313.0,25.0,1.0,0.0,0.0,0.0,0.0,-87,1.0,-6.36,BEACON,"{""record_number"": 15951, ""operation_mode"": 0, ""state"": 4, ""battery_voltage"": 0, ""wifi_rssi"": -87, ""acc_data"": {""ax"": 0.03, ""ay"": -0.04, ""az"": 0.97, ""pitch"": 1.48, ""roll"": -2.7}, ""gyro_data"": {""gx"": -11.22, ""gy"": 5.18, ""gz"": 3.93}, ""gps_data"": {""latitude"": -1.2833, ""longitude"": 36.8167, ""gps_altitude"": 112, ""time"": 435415}, ""alt_data"": {""pressure"": 101313, ""temperature"": 25, ""AGL"": 1, ""velocity"": 0, ""kalman_altitude"": 1, ""kalman_vertical_velocity"": -6.36}, ""chute_state"": {""pyro1_state"": 0, ""pyro2_state"": 0}, ""connection_status"": {""connected"": true, ""has_ever_connected"": true, ""packet_age_ms"": 0, ""timeout_exceeded"": false, ""rssi"": -87}, ""communication_mode"": ""BEACON"", ""timestamp"": 478921, ""packets_received"": 738, ""kalman_data"": {""altitude"": 1, ""vertical_velocity"": -6.36}, ""kalman_altitude"": 1, ""kalman_vertical_velocity"": -6.36}",425.379838
2025-08-07 17:02:52.224870,2025-08-07T17:02:52.224870,16026,0,0,0.03,-0.05,0.97,1.99,-2.36,-11.04,4.63,3.66,-1.2833,36.8167,114.0,437414,101313.0,25.0,1.0,0.0,0.0,0.0,0.0,-85,1.0,-6.36,BEACON,"{""record_number"": 16026, ""operation_mode"": 0, ""state"": 0, ""battery_voltage"": 0, ""wifi_rssi"": -85, ""acc_data"": {""ax"": 0.03, ""ay"": -0.05, ""az"": 0.97, ""pitch"": 1.99, ""roll"": -2.36}, ""gyro_data"": {""gx"": -11.04, ""gy"": 4.63, ""gz"": 3.66}, ""gps_data"": {""latitude"": -1.2833, ""longitude"": 36.8167, ""gps_altitude"": 114, ""time"": 437414}, ""alt_data"": {""pressure"": 101313, ""temperature"": 25, ""AGL"": 1, ""velocity"": 0, ""kalman_altitude"": 1, ""kalman_vertical_velocity"": -6.36}, ""chute_state"": {""pyro1_state"": 0, ""pyro2_state"": 0}, ""connection_status"": {""connected"": true, ""has_ever_connected"": true, ""packet_age_ms"": 0, ""timeout_exceeded"": false, ""rssi"": -85}, ""communication_mode"": ""BEACON"", ""timestamp"": 480921, ""packets_received"": 739, ""kalman_data"": {""altitude"": 1, ""vertical_velocity"": -6.36}, ""kalman_altitude"": 1, ""kalman_vertical_velocity"": -6.36}",427.263017
2025-08-07 17:03:37.171896,2025-08-07T17:03:37.171896,17723,0,4,0.03,-0.05,0.97,1.74,-2.76,-10.79,5.82,3.6,-1.2833,36.8167,106.0,482430,101301.0,25.0,2.0,0.0,0.0,0.0,0.0,-92,2.0,-5.64,BEACON,"{""record_number"": 17723, ""operation_mode"": 0, ""state"": 4, ""battery_voltage"": 0, ""wifi_rssi"": -92, ""acc_data"": {""ax"": 0.03, ""ay"": -0.05, ""az"": 0.97, ""pitch"": 1.74, ""roll"": -2.76}, ""gyro_data"": {""gx"": -10.79, ""gy"": 5.82, ""gz"": 3.6}, ""gps_data"": {""latitude"": -1.2833, ""longitude"": 36.8167, ""gps_altitude"": 106, ""time"": 482430}, ""alt_data"": {""pressure"": 101301, ""temperature"": 25, ""AGL"": 2, ""velocity"": 0, ""kalman_altitude"": 2, ""kalman_vertical_velocity"": -5.64}, ""chute_state"": {""pyro1_state"": 0, ""pyro2_state"": 0}, ""connection_status"": {""connected"": true, ""has_ever_connected"": true, ""packet_age_ms"": 0, ""timeout_exceeded"": false, ""rssi"": -92}, ""communication_mode"": ""BEACON"", ""timestamp"": 525930, ""packets_received"": 740, ""kalman_data"": {""altitude"": 2, ""vertical_velocity"": -5.64}, ""kalman_altitude"": 2, ""kalman_vertical_velocity"": -5.64}",472.210043
2025-08-07 17:06:49.498908,2025-08-07T17:06:49.498908,109478,175,171,0.0,2.14,1.97,-0.0,0.0,-0.0,0.0,0.0,-1.2833,36.8167,,109504,100273.34,25.0,88.0,0.0,,,1.99,1073470368,87.4,26.93,BEACON,"{""record_number"": 109478, ""operation_mode"": 175, ""state"": 171, ""acc_data"": {""ax"": 0.0, ""ay"": 2.14, ""az"": 1.97, ""pitch"": -0.0, ""roll"": 0.0}, ""gyro_data"": {""gx"": -0.0, ""gy"": 0.0, ""gz"": 0.0}, ""gps_data"": {""latitude"": -1.2833, ""longitude"": 36.8167, ""altitude"": 78.0, ""time"": 109504}, ""alt_data"": {""pressure"": 100273.34, ""temperature"": 25.0, ""AGL"": 88.0, ""velocity"": 0.0}, ""chute_state"": {""drogue"": 0, ""main"": 0}, ""battery_voltage"": 1.99, ""wifi_rssi"": 1073470368, ""kalman_data"": {""altitude"": 87.4, ""vertical_velocity"": 26.93}, ""communication_mode"": ""BEACON"", ""timestamp"": 1754575609.496907, ""raw"": ""109478,175,171,0.00,2.14,1.97,-0.00,0.00,-0.00,0.00,0.00,-1.28330000,36.81670000,78.00,109504,100273.34,25.00,88.00,0.00,0,0,1.99,1073470368,87.40,26.93""}",664.537055
